id,name,created_at,favorite_count,retweet_count,text
1589445031307485186,JoeBiden,2022-11-07 02:30:00+00:00,6009,1784,"Republicans in Congress have already introduced legislation to ban the right to choose nationwide, but if we elect more Senate Democrats and keep control of the House, we will codify Roe v. Wade as the law of the land."
1589423667779362816,JoeBiden,2022-11-07 01:05:07+00:00,7978,1930,"Earlier this month, we helped lower the cost of hearing aids. We made them available over the counter, which could save up to $3,000 a pair for millions of Americans with hearing loss."
1589408791120039936,JoeBiden,2022-11-07 00:06:00+00:00,5627,1514,"When I think of character, I think of @JohnFetterman.
When I think of courage, I think of @JoshShapiroPA.
Let’s get them elected.

Lock in your plan to vote at https://t.co/Hy8C4mIL2M before November 8. https://t.co/6K8malpHHX"
1589396772140765184,JoeBiden,2022-11-06 23:18:14+00:00,2430,639,"LIVE: I’m in Westchester County, New York, getting out the vote for Democrats right before Election Day. With two days left, there is so much at stake. Tune in.
https://t.co/4HGhTLruKX"
1589385395564957699,JoeBiden,2022-11-06 22:33:02+00:00,3558,964,"As we enter the final days of this midterm election, remember the power to shape America is in your hands. 

Head to https://t.co/Hy8C4mIL2M to make your plan to vote. https://t.co/Z2NpXdGMlC"
1589369603762794496,JoeBiden,2022-11-06 21:30:17+00:00,15222,3226,It's good to get out the vote with @BarackObama in Philadelphia a few days before this critical election. https://t.co/FUWrTHf9x4
1589358219394224129,JoeBiden,2022-11-06 20:45:03+00:00,4808,1341,Everything is at stake in these next 2 days. Make a plan to vote now: https://t.co/Hy8C4mIL2M
1589286493922635776,JoeBiden,2022-11-06 16:00:02+00:00,6922,2669,Social Security and Medicare are on the ballot. https://t.co/dqY0Oi7qdK
1589072112425340933,JoeBiden,2022-11-06 01:48:09+00:00,15143,3661,"Pennsylvania, you have the power to make @JohnFetterman your next United States senator and @JoshShapiroPA your next governor. 

There’s so much on the ballot. Make a plan to vote now: https://t.co/Hy8C4mIL2M. https://t.co/rTOET4VvKF"
1589065037309681666,JoeBiden,2022-11-06 01:20:02+00:00,23278,6798,"MAGA Republicans say one of their priorities is to deny Medicare the right to negotiate drug prices and give the power back to Big Pharma so they can continue to rip us off.

Their plan would hurt working- and middle-class Americans."
1589044926280568832,JoeBiden,2022-11-06 00:00:08+00:00,49742,11946,"What @BarackObama said.
https://t.co/9WSs7ourqS"
1589003844599648256,JoeBiden,2022-11-05 21:16:53+00:00,6746,1517,"HAPPENING NOW: I’m in Philadelphia with my good friend @BarackObama, speaking with voters about the stakes in the midterm elections. You don’t want to miss this, folks! https://t.co/Eu22Hv4wQl"
1588984498733072384,JoeBiden,2022-11-05 20:00:01+00:00,7915,2452,This is the choice we face. https://t.co/ZrNVGYNP8e
1588969394562281472,JoeBiden,2022-11-05 18:59:59+00:00,6504,1710,Ask everyone you know to go to https://t.co/Hy8C4mJiSk and make a plan to vote on or before November 8.
1588939343166676998,JoeBiden,2022-11-05 17:00:35+00:00,11808,3253,The oil industry has a choice: Either begin to invest in America or pay higher taxes on your excessive profits. https://t.co/Z8OqBAZ2U9
1588903242162999299,JoeBiden,2022-11-05 14:37:07+00:00,11518,2373,Period. https://t.co/3wcxBy2d0c
1588890633598533632,JoeBiden,2022-11-05 13:47:01+00:00,5010,1222,"This midterm election is about building a better America, but you’ve got to vote. 

Head to https://t.co/Hy8C4mIL2M today."
1588705166185881601,JoeBiden,2022-11-05 01:30:02+00:00,17512,6770,Working families can’t afford the Republican agenda. https://t.co/06GI2M9Rz3
1588682613014896642,JoeBiden,2022-11-05 00:00:25+00:00,17118,3784,I’m not going to apologize for helping working- and middle-class families. https://t.co/vo6J2yxnmF
1588659857342668801,JoeBiden,2022-11-04 22:30:00+00:00,4580,1441,The fate of democracy is in your hands: https://t.co/Hy8C4n0lUk https://t.co/46kWLv3357
1588637354859921409,JoeBiden,2022-11-04 21:00:35+00:00,13045,4625,"Senator Lindsey Graham made it clear: Republicans want a national ban on abortion. But if we elect two more Democratic senators and keep control of the House, we will codify Roe v. Wade. https://t.co/UNFw63oV9k"
1588615064717770753,JoeBiden,2022-11-04 19:32:01+00:00,10146,2670,"Today’s jobs report—adding 261,000 jobs with the unemployment rate still at a historically low 3.7%—shows that our jobs recovery remains strong.  

While comments by Republican leadership sure seem to indicate they are rooting for a recession, the U.S. economy continues to grow."
1588596954044534785,JoeBiden,2022-11-04 18:20:03+00:00,2639,593,"Folks, we’re making sure everyone knows what's at stake in this election. Join me in Maryland for a grassroots rally right before Election Day. RSVP now. 
https://t.co/y2zTbXjdL2"
1588576892977831938,JoeBiden,2022-11-04 17:00:20+00:00,5499,1250,Make sure you’re ready to vote on Election Day. https://t.co/Hy8C4mIL2M
1588561719017713665,JoeBiden,2022-11-04 16:00:02+00:00,7832,2106,"We must, with one overwhelming unified voice, speak as a country and say there's no place for political violence in America. https://t.co/izXsylToGb"
1588548137009963008,JoeBiden,2022-11-04 15:06:04+00:00,5025,1062,"Folks, no one’s gonna fight harder for New Mexico than Governor @Michelle4NM. https://t.co/jCof4lCyp8"
1588531679404199938,JoeBiden,2022-11-04 14:00:40+00:00,26129,9282,This MAGA Republican Party is determined to take us backwards. https://t.co/SNBDuebZyf
1588364188744835072,JoeBiden,2022-11-04 02:55:07+00:00,5993,1394,"To protect the right to choose and continue moving New Mexico forward, we must reelect Governor @Michelle4NM and vote for Democrats up and down the ballot. https://t.co/bujUVdo9W8"
1588342780308426752,JoeBiden,2022-11-04 01:30:03+00:00,64603,18343,You can’t make this stuff up. https://t.co/3shSF44oz2
1588305048626495489,JoeBiden,2022-11-03 23:00:07+00:00,91897,14417,"If we elect two more Democrats to the Senate and keep control of the House, we’re going to codify Roe v. Wade in January so it’s the law of the land."
1588284014145609728,JoeBiden,2022-11-03 21:36:32+00:00,2510,563,"I'm excited to join folks in New Mexico to talk about the choice voters face in the midterm elections. Listen in.
https://t.co/TJGzVBZuBn"
1588282437561638912,JoeBiden,2022-11-03 21:30:16+00:00,11383,4569,Republicans want to talk about spending? Let’s compare. https://t.co/wbjsQZjxgw
1588256450685566976,JoeBiden,2022-11-03 19:47:00+00:00,5708,1294,"I’m excited to join my good friend @BarackObama in Philadelphia to fire up voters ahead of the midterm elections. 

The stakes couldn’t be higher. And the choice couldn’t be clearer. Sign up.
https://t.co/5aN1iAOOea"
1588221972776878081,JoeBiden,2022-11-03 17:30:00+00:00,8293,2288,Democracy is on the ballot. https://t.co/f327esxgnZ
1588199609553371136,JoeBiden,2022-11-03 16:01:08+00:00,11556,3441,This midterm election is too important to sit out. Head to https://t.co/Hy8C4mIL2M to make your plan to vote today. https://t.co/agqMHID7j6
1588162842964168706,JoeBiden,2022-11-03 13:35:03+00:00,23838,5604,Make a plan to cast your ballot: https://t.co/Hy8C4mJiSk. https://t.co/apHZVLhHah
1587950384332656641,JoeBiden,2022-11-02 23:30:48+00:00,6571,1752,"The fate of the nation—the fate of the soul of America—lies where it always does:

With the people.

In your hands. In your hearts. And your ballot. https://t.co/Hy8C4mIL2M"
1587947527910866945,JoeBiden,2022-11-02 23:19:27+00:00,8598,2185,"History and common sense tell us that liberty, opportunity, and justice thrive in a democracy—not in an autocracy.

At our best, America is not a zero-sum society where for you to succeed, someone else must fail.

The promise of America is big enough for everyone to succeed."
1587947290140049411,JoeBiden,2022-11-02 23:18:31+00:00,26634,6637,All of us who reject political violence—and I believe that is the overwhelming majority of Americans—all of us must unite to make it absolutely clear violence and intimidation have no place in America.
1587946294563201025,JoeBiden,2022-11-02 23:14:33+00:00,19351,5281,"Democracy is more than a form of government. It’s a way of being. A way of seeing the world.

A way that defines who we are, what we believe, and why we do what we do.

Democracy is simply that fundamental."
1587945869457891328,JoeBiden,2022-11-02 23:12:52+00:00,71166,12459,"American democracy is under attack because the defeated former president of the United States refuses to accept the results of the 2020 election.

He refuses to accept the will of the people.

He refuses to accept the fact that he lost."
1587944518166482944,JoeBiden,2022-11-02 23:07:30+00:00,16413,4590,"We are facing a defining moment. An inflection point.

We must with one overwhelming, unified voice speak as a country and say there is no place for voter intimidation or political violence in America, whether it’s directed at Democrats or Republicans."
1587943505359507463,JoeBiden,2022-11-02 23:03:28+00:00,3192,830,"LIVE: Tune in as I deliver remarks on preserving and protecting our democracy.
https://t.co/P8jYSWp6ms"
1587935334674866177,JoeBiden,2022-11-02 22:31:00+00:00,4238,1078,"This is the most important midterm election in our lifetime. It’s going to shape what this country looks like for the next decade or more.

Make a plan to vote at https://t.co/Hy8C4mIL2M."
1587922252322177024,JoeBiden,2022-11-02 21:39:01+00:00,16179,3747,I will never apologize for helping middle-class Americans. https://t.co/bqXLjdxzZ9
1587889784621522947,JoeBiden,2022-11-02 19:30:00+00:00,67904,7577,"There’s nothing like a triple-thick black and white milkshake to celebrate my granddaughter Natalie’s first time voting.

Make your plan to vote early or on Election Day at https://t.co/Hy8C4mIL2M. https://t.co/o4cNMzeqsU"
1587844512377933824,JoeBiden,2022-11-02 16:30:07+00:00,3190,665,"I'm heading to New Mexico tomorrow, November 3, for a grassroots rally to discuss the importance of the midterm elections.

Join me: 
https://t.co/6lhLgUyOlo"
1587810523898322947,JoeBiden,2022-11-02 14:15:03+00:00,31434,8276,"Social Security.
Medicare.
A woman’s right to choose.
Voting rights.

It’s all at stake. Vote early or on Election Day."
1587609184920653828,JoeBiden,2022-11-02 00:55:00+00:00,7957,1996,"Don’t sit this election out. 

Vote early or on Election Day. https://t.co/Hy8C4mIL2M"
1587581791724273664,JoeBiden,2022-11-01 23:06:09+00:00,3939,842,"With one week to go until Election Day, I’m taking the stage in Florida to rally voters and talk about the choice we face as a country. Listen in. https://t.co/plrq9G42UO"
1587560866685124608,JoeBiden,2022-11-01 21:43:00+00:00,40521,8929,"I’m absolutely confident that, just as they did in 2020, the American people will again vote in record numbers and make it clear that democracy is a value that defines us and unites us as Americans.

The stakes couldn’t be higher."
1587511059728007168,JoeBiden,2022-11-01 18:25:05+00:00,14918,4117,The choice for seniors is clear. https://t.co/cPi57gF2sA
1587443101790048258,JoeBiden,2022-11-01 13:55:03+00:00,52758,8170,"One more week until Election Day. 

Let’s do this, America."
1587254848940085253,JoeBiden,2022-11-01 01:27:00+00:00,21019,5904,"Democrats will protect Social Security.
We’ll protect Medicare.  

Republicans like Rick Scott and Ron Johnson want to put it on the chopping block."
1587210314663215105,JoeBiden,2022-10-31 22:30:02+00:00,4323,947,"With Election Day right around the corner, I’m heading to Florida to get out the vote for Democrats up and down the ballot. RSVP today to join.
https://t.co/pGAMrmca3g"
1587179858236305408,JoeBiden,2022-10-31 20:29:01+00:00,27226,6147,"I know which side I’m on.
https://t.co/RBiVHJqetY"
1587147915050500103,JoeBiden,2022-10-31 18:22:05+00:00,8964,1935,Make your plan to vote early or on Election Day at https://t.co/Hy8C4mIL2M.
1587099898855542784,JoeBiden,2022-10-31 15:11:17+00:00,14598,3536,"If we elect more Senate Democrats and keep control of the House, we’re going to codify Roe v Wade in January. https://t.co/7fhRz8RcQY"
1586836594618617857,JoeBiden,2022-10-30 21:45:00+00:00,6392,1400,"Nine more days. 

Know where to vote: https://t.co/Hy8C4n0lUk
Donate: https://t.co/UlQBLUUGoS
Volunteer: https://t.co/V9MzpvQJcq"
1586780222380462081,JoeBiden,2022-10-30 18:01:00+00:00,78781,14453,"We lost over 180,000 manufacturing jobs under the last guy.

We’ve created 700,000 manufacturing jobs on my watch."
1586497656251105282,JoeBiden,2022-10-29 23:18:11+00:00,29438,6666,"If we elect more Democrats to the Senate and keep the House, here is the promise I make to you and the American people: The first bill that I will send to Congress will be to codify Roe v. Wade. https://t.co/CvyB3xUzAK"
1586458855143268352,JoeBiden,2022-10-29 20:44:00+00:00,20118,5252,"The previous president made a string of broken promises in places like Wisconsin, Indiana, and Ohio, where promised investments and jobs in manufacturing never materialized, but layoffs and shuttered factories did. 

Now, Made in America isn't just a slogan. It's a reality."
1586374299543281664,JoeBiden,2022-10-29 15:08:01+00:00,36237,9014,"The final say on Roe v. Wade does not rest in the court. 

It does not rest with extremist Republicans in Congress.

If you do your part and vote, Democratic leaders in Congress will do their part. I’ll do my part. With your support, I will sign a law codifying Roe in January."
1586166175502925825,JoeBiden,2022-10-29 01:21:00+00:00,24040,7147,"Republicans are determined to hold the economy hostage. Either give in to their demands to cut Social Security and Medicare, which millions of Americans rely on, or they’ll crash the economy. 

Let me be clear: I will not cut Social Security and Medicare."
1586109805214765059,JoeBiden,2022-10-28 21:37:00+00:00,27014,6323,"In 2020, you voted and delivered the change you wanted to see in the world.

In 2022, you need to exercise your power to vote again for the future of our nation."
1586025192303869953,JoeBiden,2022-10-28 16:00:47+00:00,18455,4492,"This election is a choice between two vastly different visions for America. 

Democrats are reducing everyday costs and lowering the deficit. 
Republicans are fiscally reckless and pushing tax cuts for the wealthy."
1586006140155994114,JoeBiden,2022-10-28 14:45:05+00:00,30433,9121,"Under my watch, the economy has added nearly 700,000 manufacturing jobs. The last guy had a different track record.
https://t.co/z9hpuGhQo6"
1585807814555062274,JoeBiden,2022-10-28 01:37:00+00:00,66994,13399,"You can’t be pro-insurrection and pro-cop. 
You can’t be pro-insurrection and pro-democracy. 
You can’t be pro-insurrection and pro-American."
1585768344057253897,JoeBiden,2022-10-27 23:00:10+00:00,32919,9348,"I want to remind us how we felt when Roe v. Wade was overturned.

Anger.
Worry.
Disbelief.
 
The unbelievable fact that the Supreme Court didn’t just fail to preserve a constitutional freedom—it took away a right. 

If you care about the right to choose, you have to vote."
1585743144305442817,JoeBiden,2022-10-27 21:20:01+00:00,18306,5221,"While Republicans have boldly stated that they want to cut Social Security and Medicare, Democrats will protect these programs. 

The choice couldn't be clearer."
1585715474893099008,JoeBiden,2022-10-27 19:30:05+00:00,9743,2661,"Today, we got further evidence that our economic recovery is continuing to power forward. This is a testament to the resilience of the American people.

The Third Quarter GDP report shows that Americans’ incomes were up and price increases in the economy came down."
1585687523988209675,JoeBiden,2022-10-27 17:39:01+00:00,6555,1737,"The extreme Republicans who have spent decades trying to overturn Roe v. Wade have no clue about the power of women. 

They’re about to find out. 

Make a plan to vote at https://t.co/Hy8C4mIL2M today."
1585632660252000257,JoeBiden,2022-10-27 14:01:00+00:00,4785,1219,"In states across the country, many voters are already able to cast their ballot in the midterm elections. 

Head to https://t.co/Hy8C4n0lUk for more information. https://t.co/4Dq1uMBFgT"
1585443668810469376,JoeBiden,2022-10-27 01:30:01+00:00,130267,28331,"Marjorie Taylor Greene got $180,000 in business loans forgiven from the PPP program but said it's ""completely unfair"" for us to forgive student loans for working- and middle-class Americans. 

You can’t make this stuff up."
1585405666038005762,JoeBiden,2022-10-26 22:59:00+00:00,2536,549,"We've made updated COVID-19 vaccines easy to get and available for free at tens of thousands of convenient locations. These include local pharmacies, doctor's offices, community health centers, and rural health clinics.

Find an appointment at https://t.co/EwdQ2dFHwG today."
1585372862826876933,JoeBiden,2022-10-26 20:48:39+00:00,8341,2313,"If we elect more Democrats to the Senate and keep the House, here is the promise I make to you and the American people: The first bill that I will send to Congress will be to codify Roe v. Wade. https://t.co/j0jWQOGCa4"
1585341755855077389,JoeBiden,2022-10-26 18:45:03+00:00,17453,3847,"As soon as I announced our student debt relief plan, Republican members of Congress and Republican governors started attacking it. Their outrage is wrong, and it is hypocritical. 

But we're not letting that get in the way."
1585296671008768000,JoeBiden,2022-10-26 15:45:54+00:00,42093,13635,"If Dr. Oz gets his way, where does this end? Would he recommend local officials make decisions about cancer treatments? Colonoscopies? Or is this kind of scrutiny reserved just for women? https://t.co/aXmVfTAl1v"
1585261410589806592,JoeBiden,2022-10-26 13:25:47+00:00,3492,953,"Your vote can help move our country forward this November.

Join @BarackObama in making a plan to vote at https://t.co/Hy8C4mIL2M.
https://t.co/iPqIEp7CrE"
1585083541955780608,JoeBiden,2022-10-26 01:39:00+00:00,45860,8718,"Republican governors wrote me a letter saying student debt relief only helps the “elite few.”

Ted Cruz, the great senator from Texas, said it's for slackers who don't deserve relief. 

Who in the hell do they think they are?"
1585057371004571650,JoeBiden,2022-10-25 23:55:00+00:00,16989,3942,"Democrats are lowering your everyday costs like prescription drugs, health care costs, and energy bills.

Republicans have made it clear: They want to increase everyday costs."
1585028431946739712,JoeBiden,2022-10-25 22:00:01+00:00,59686,15038,I don't want to hear it from MAGA Republicans. https://t.co/8FXRmZdE7C
1585000749502709760,JoeBiden,2022-10-25 20:10:01+00:00,7846,2152,"Democracy is being put to the test in America. You have to defend it. Protect it. Choose it. 

We must decide whether we keep moving forward or go backwards.
https://t.co/iZHWZWdkE4"
1584975698627887127,JoeBiden,2022-10-25 18:30:28+00:00,4996,1262,Call a friend and remind them to vote early or on Election Day. Go to https://t.co/V9Mzpw8kB0 to get involved. https://t.co/m8UaqsAD55
1584944130190458882,JoeBiden,2022-10-25 16:25:02+00:00,9536,2177,"If you have student loan debt, you can apply for relief at https://t.co/so4PFkH2UC.

There are no forms to upload and no special log-in to remember. 

It takes less than five minutes."
1584628309815689219,JoeBiden,2022-10-24 19:30:04+00:00,14591,4111,"Democrats are building a better America for everyone, with an economy that grows from the bottom up and the middle out.

Republicans are doubling down on their mega MAGA trickle-down economics that benefits the very wealthy. It failed the country before, and would fail us again."
1584597601407705088,JoeBiden,2022-10-24 17:28:03+00:00,3783,889,"With just over two weeks to go until the midterm elections, I’m thanking Democratic staff and volunteers who are getting out the vote and discussing the progress we’ve made under our leadership—including 10 million jobs since I came into office. Tune in. 
https://t.co/e0Jv5ACv3c"
1584556593978408964,JoeBiden,2022-10-24 14:45:06+00:00,48350,10149,"If we elect two more Democratic senators and keep control of the House, here is my promise to the American people:

The first bill I will send to Congress will be to codify Roe v. Wade. When passed, I will sign it in January—50 years after Roe was decided the law of the land."
1584311205212356608,JoeBiden,2022-10-23 22:30:01+00:00,31260,7312,Whether you’re an early voter or showing up on Election Day—get to the polls and make your voice heard.
1584270251641909250,JoeBiden,2022-10-23 19:47:16+00:00,17847,5304,You can't be pro-insurrection and pro-cop. https://t.co/iwWk26Zxbm
1583973477748391936,JoeBiden,2022-10-23 00:08:00+00:00,18505,7066,"Republican leaders said if they get their way, they're going to extend the Trump tax cuts and repeal the minimum corporate tax of 15% that I just signed into law. 

They would allow the many largest corporations in America to go back to paying zero in federal income tax."
1583835632396251137,JoeBiden,2022-10-22 15:00:15+00:00,30666,8051,"Let's look at the facts: The federal deficit went up every single year in the Trump administration. 

On my watch, things have been different. The deficit has come down both years that I've been in office."
1583628452904804353,JoeBiden,2022-10-22 01:17:00+00:00,38140,14019,This is not your father’s Republican Party. https://t.co/00twJicOdb
1583571922440241153,JoeBiden,2022-10-21 21:32:22+00:00,33201,9768,Make a plan to vote: https://t.co/Hy8C4n0lUk. https://t.co/THJzus1UFU
1583538101212762112,JoeBiden,2022-10-21 19:17:58+00:00,37532,8699,"This year the deficit fell by $1.4 trillion, the largest one-year drop in American history. 

Further proof that we're rebuilding the economy in a responsible way."
1583506156546236421,JoeBiden,2022-10-21 17:11:02+00:00,6770,1547,I believe this is the most important off-year election that we’ve had in generations. Don’t sit this out: Sign up to get involved today by visiting https://t.co/V9MzpvQJcq.
1583269592478396416,JoeBiden,2022-10-21 01:31:01+00:00,18424,6542,"When it came time to actually do something about inflation, Republicans said no. https://t.co/5Ghwqkl0Y3"
1583216496771211264,JoeBiden,2022-10-20 22:00:02+00:00,9646,3718,"Democrats capped out-of-pocket drug expenses for seniors on Medicare at $2,000 a year—and every single Republican in Congress voted against it. https://t.co/MsI2jQpuZ4"
1583150053707120641,JoeBiden,2022-10-20 17:36:00+00:00,25667,9091,"195 House Republicans voted against a bill to protect birth control access.

157 House Republicans voted against a bill to protect marriage equality.

210 House Republicans voted against a bill to codify Roe v. Wade.

They are determined to take this country backwards."
1582907956542132224,JoeBiden,2022-10-20 01:34:00+00:00,49980,14906,"You paid for your Social Security. Every single paycheck from the time you started working.

Republicans want to put it on the chopping block."
1582851837576609794,JoeBiden,2022-10-19 21:51:00+00:00,32352,8384,"MAGA forces are determined to take this country backwards.

Backwards to an America where there is no right to choose, no right to privacy, no right to contraception, no right to marry who you love.

We can’t let that happen."
1582813086267777024,JoeBiden,2022-10-19 19:17:01+00:00,21887,5987,"I will never apologize for helping middle- and working-class Americans as they recover from the pandemic.

Especially not to Republicans who voted for a $2 trillion tax cut in the last administration that mainly benefitted the wealthiest Americans and the largest corporations."
1582765529105776640,JoeBiden,2022-10-19 16:08:03+00:00,2885,716,"Everything Democrats have fought so hard for is on the ballot in November, and we can't stop our progress. 

Can you help support Democrats with a donation before midnight?
https://t.co/jSpb5AuNRI"
1582725774594871297,JoeBiden,2022-10-19 13:30:04+00:00,5386,1381,"My good friend @BarackObama knows what is at stake in the midterm elections. If we elect more Democrats to Congress, we can codify Roe v. Wade and move forwards, not backwards.

Go to https://t.co/Hy8C4n0lUk to make your plan to vote. 
https://t.co/o8CQYr38fM"
1582516811350048768,JoeBiden,2022-10-18 23:39:44+00:00,8484,1842,"Together, we'll restore the right to choose for every woman in every state in America.

We can do this if we vote. Make a plan to vote at https://t.co/Hy8C4mJiSk."
1582467301844082695,JoeBiden,2022-10-18 20:23:00+00:00,23390,5357,It’s time to pass an assault weapons ban to keep our communities safe. https://t.co/M8KqBGhFJY
1582419442432061440,JoeBiden,2022-10-18 17:12:49+00:00,5794,1456,"The final say about your right to choose rests with you.

If you do your part and vote, Democratic leaders in Congress will do their part.

I’ll do my part.

With your support, I will sign a law codifying Roe in January.
https://t.co/Hy8C4n0lUk"
1582418009540292620,JoeBiden,2022-10-18 17:07:08+00:00,38061,8379,"We must elect more Democrats to the Senate and keep control of the House.

If we do that, here’s the promise I make to you and the American people:

The first bill I will send to Congress will be to codify Roe v. Wade. And when Congress passes it, I will sign it in January."
1582412615522783238,JoeBiden,2022-10-18 16:45:42+00:00,5112,1098,"MAGA Republicans don’t have a clue about the power of American women, but they’re about to find out. Tune in to hear how we’ll codify Roe v. Wade into law. https://t.co/pxoUTlJmbL"
1582387804083916801,JoeBiden,2022-10-18 15:07:06+00:00,10226,2060,"In total, more than 40 million Americans can stand to benefit from student debt relief. About 90% of that relief is going to go to people making less than $75,000 a year.

Let me be clear: Not a dime will go to those in the top 5% income bracket. Period."
1582172358378491905,JoeBiden,2022-10-18 00:51:00+00:00,13713,4131,"Republicans want a national ban on abortion—but if we elect two more Democratic senators and keep the House, we will codify Roe v. Wade. https://t.co/vyvNKzN1wG"
1582150969437360128,JoeBiden,2022-10-17 23:26:00+00:00,4775,1171,"With our votes, we have the power to move our country forward. Make a plan to vote early or on Election Day! https://t.co/Hy8C4mJiSk"
1582118510037446656,JoeBiden,2022-10-17 21:17:01+00:00,6514,1628,"We’re bringing relief to millions of borrowers who need it most. 

The application to apply for student debt relief is now open. Apply today: https://t.co/jHpKgsh7dY https://t.co/YJNYVSdBHt"
1582053892380012549,JoeBiden,2022-10-17 17:00:15+00:00,14243,3182,"Despite opposition from some of the most powerful special interests in the nation, we're lowering health care costs and strengthening Medicare. And we're fighting for folks who need our help."
1581790846277779456,JoeBiden,2022-10-16 23:35:00+00:00,25160,10063,A vast majority of House Republicans have signed on to a Republican budget to cut Medicare and Social Security.
1581768199267553280,JoeBiden,2022-10-16 22:05:01+00:00,20664,4542,"Thanks to the Inflation Reduction Act, no senior in America on Medicare will have to pay more than $2,000 a year for their prescriptions, no matter how much they cost."
1581684394720305153,JoeBiden,2022-10-16 16:32:00+00:00,21222,3998,"Instead of Infrastructure Week being a punch line under my predecessor, Infrastructure Decade is a headline on my watch."
1581435510463266816,JoeBiden,2022-10-16 00:03:02+00:00,25237,7894,"When it came time to help our seniors, every single Republican in Congress sided with Big Pharma. https://t.co/3R51RX5lMN"
1581383663521972225,JoeBiden,2022-10-15 20:37:00+00:00,25205,5447,"Yesterday, I issued an Executive Order directing the Department of Health and Human Services to put a plan on my desk within 90 days finding additional ways to lower prescription drug costs for seniors."
1581333332981604353,JoeBiden,2022-10-15 17:17:00+00:00,15284,3616,"Next month, voters will have to decide. 

Democrats are working to bring down the cost of things talked about around the kitchen table—from prescription drugs to health care and more. 

Republicans are campaigning every day on an agenda to raise your costs."
1581049730565832705,JoeBiden,2022-10-14 22:30:04+00:00,67242,12757,The choice is clear. https://t.co/eHHawQoTsP
1581024045575045121,JoeBiden,2022-10-14 20:48:01+00:00,21864,4399,"Social Security benefits will go up by an average of $140 a month.

For the first time in 10 years, Social Security checks will go up while Medicare premiums go down."
1580996924366553088,JoeBiden,2022-10-14 19:00:14+00:00,8993,1976,"The Inflation Reduction Act locks in lower health care premiums for 13 million people, lowers seniors’ prescription drug prices, and caps their out-of-pocket expenses for prescription drugs at the pharmacy at $2,000 per year."
1580969439247233039,JoeBiden,2022-10-14 17:11:01+00:00,2862,622,"We have 25 days left until the midterm elections to elect Democrats up and down the ballot. 

You can support @TheDemocrats’ efforts to fight back against MAGA Republicans ahead of this critical election by chipping in before the FEC deadline: 
https://t.co/fFpE7Ynaqu"
1580704444701822976,JoeBiden,2022-10-13 23:38:02+00:00,74799,19623,"So much is at stake in these midterm elections, folks. https://t.co/6faoJ4nwia"
1580660907205480448,JoeBiden,2022-10-13 20:45:02+00:00,18053,2970,"In my first year in office, I protected more lands and water than any American president since John F. Kennedy. After the previous administration rolled back protections, I restored full protections to three national monuments in Utah and New England."
1580618624116854784,JoeBiden,2022-10-13 17:57:01+00:00,7849,1757,"Imagine if we elect two more Democrats to the Senate and keep the House. We'll codify Roe v. Wade, protect voting rights, and so much more.

Check your voter registration at https://t.co/Hy8C4mJiSk today."
1580357405522948096,JoeBiden,2022-10-13 00:39:01+00:00,14762,4820,"We capped insulin costs for people on Medicare, but a lot of our Republican friends said, “No, we’re not going to do it for other people.” https://t.co/aKtDlTKiaA"
1580332990047039489,JoeBiden,2022-10-12 23:02:00+00:00,10702,1670,"Today, using authorities under the Antiquities Act, I’m establishing the Camp Hale Continental Divide National Monument. 

This is the first new national monument of my presidency under this authority."
1580294737419939840,JoeBiden,2022-10-12 20:30:00+00:00,8507,3035,"In this November’s midterm elections, Democrats, Independents, and mainstream Republicans can come together to reject extreme MAGA Republicans. https://t.co/v8K5KwNzc3"
1580233090957737985,JoeBiden,2022-10-12 16:25:02+00:00,5308,1417,Senator Rick Scott has made it clear that he thinks Social Security and Medicare should be on the chopping block every five years. But we won't let him and the MAGA Republicans try to get their way: https://t.co/Hy8C4mJiSk.
1580002310809423872,JoeBiden,2022-10-12 01:08:00+00:00,41123,11751,"158 House Republicans have signed on to a Republican budget that would cut Social Security and Medicare.

I have a different idea: I’ll protect Social Security and Medicare and make them stronger."
1579897879174721536,JoeBiden,2022-10-11 18:13:02+00:00,3810,813,"With only 28 days until the midterm elections, the stakes are clear: Republicans want a national abortion ban. Democrats want to codify Roe. 

Can you contribute to help elect Democrats up and down the ballot? 
https://t.co/udGGj8j2jJ"
1579652252628836353,JoeBiden,2022-10-11 01:57:00+00:00,21987,7142,Ask yourself: Do you want to put your Social Security into the hands of Ted Cruz and Marjorie Taylor Greene? https://t.co/cs7XYruduV
1579567195868176385,JoeBiden,2022-10-10 20:19:01+00:00,62327,13283,"Every single Democrat voted for the Inflation Reduction Act.

Every single Republican voted against it."
1579277785255710720,JoeBiden,2022-10-10 01:09:00+00:00,24321,5855,"Republicans want a national ban on abortion—but if you give me two more Democratic senators and Democrats keep the House, I promise you we will codify Roe v. Wade. https://t.co/lkE2epWZiL"
1579238024717533184,JoeBiden,2022-10-09 22:31:00+00:00,19430,3430,"The CHIPs and Science Act will help ensure tens of thousands of new, high-paying construction jobs."
1579160012521234432,JoeBiden,2022-10-09 17:21:01+00:00,34963,5986,"Our economy created 263,000 jobs last month. That's 10 million jobs since I came into office—the fastest job growth at any point of any president in all of American history."
1578925968151875584,JoeBiden,2022-10-09 01:51:00+00:00,36822,8766,"If you’re on Medicare, your insulin will be capped at $35 a month thanks to the Inflation Reduction Act.

We wanted to cut the cost of insulin for everyone—including hundreds of thousands of children with Type 1 diabetes—but Republicans voted to strike that out of the bill."
1578822576771846144,JoeBiden,2022-10-08 19:00:10+00:00,24588,5335,"Republicans had no problem enacting a $2 trillion tax cut that overwhelmingly benefitted the wealthiest Americans and biggest corporations.

Now, thanks to the Inflation Reduction Act, corporations will have to pay a minimum corporate tax of 15%."
1578762191225860097,JoeBiden,2022-10-08 15:00:13+00:00,31103,4311,"We’re building a clean energy economy, and we’re doing it from the bottom up and the middle out."
1578565900738777088,JoeBiden,2022-10-08 02:00:13+00:00,14542,2994,MAGA Republicans can’t be pro-law enforcement and pro-insurrection. https://t.co/VXfRDwcUmc
1578543198494150656,JoeBiden,2022-10-08 00:30:01+00:00,11894,2152,"Today's jobs numbers are an encouraging sign that we are transitioning to stable, steady growth. And more Americans are working than ever before. 

There's more to do to grow our economy from the bottom up and middle out, but we're making progress."
1578520547645759490,JoeBiden,2022-10-07 23:00:00+00:00,5448,1196,This year’s elections are absolutely critical. Get involved at https://t.co/V9MzpvQJcq. https://t.co/oEUS8NQ2S8
1578493704494493696,JoeBiden,2022-10-07 21:13:20+00:00,58782,14504,"Many Republicans have called the Bipartisan Infrastructure program “socialist.” Then, they asked for money from it.

You can’t make this stuff up. https://t.co/yQVHlM3vYw"
1578456124587737108,JoeBiden,2022-10-07 18:44:01+00:00,11757,2180,"Last year, a family of four saved an average of $2,400 through the American Rescue Plan I signed into law. And now, the Inflation Reduction Act locks in place those lower health care premiums for millions of families who get their coverage through the Affordable Care Act."
1578399854451200000,JoeBiden,2022-10-07 15:00:25+00:00,22679,3302,"The United States must lead the world in producing semiconductor chips, and the CHIPs and Science Act is going to make sure that it will."
1578208490539081730,JoeBiden,2022-10-07 02:20:00+00:00,33509,8120,"Extreme MAGA Republican Senator Ron Johnson wants to put Social Security and Medicare on the chopping block every year.

This guy never gives up. 

But we never give up either."
1578182820996030476,JoeBiden,2022-10-07 00:38:00+00:00,34963,5167,"Sending people to prison for possessing marijuana has upended too many lives and incarcerated people for conduct that many states no longer prohibit. That's before you address the clear racial disparities around prosecution and conviction. 

Today, we start to right these wrongs."
1578164200253399042,JoeBiden,2022-10-06 23:24:00+00:00,7052,1270,"The CHIPs and Science Act makes historic investments in companies to build advanced manufacturing facilities here in America. 

Now IBM is investing $20 billion to design and manufacture semiconductors, mainframe technology, and quantum computers."
1578155139487207425,JoeBiden,2022-10-06 22:48:00+00:00,34458,5025,"Too many lives have been upended because of our failed approach to marijuana.

Today I announced a pardon of all prior federal offenses of simple possession of marijuana, urged governors to do the same, and asked HHS and DOJ to review how marijuana is scheduled under federal law."
1578076120427233280,JoeBiden,2022-10-06 17:34:01+00:00,9611,1659,"The world is changing. We can either shape it, or we can be shaped by it. I believe we have an enormous opportunity to build back a country that is even better than before.

Can I count on you to join us? https://t.co/V9Mzpw8kB0"
1578048186987454466,JoeBiden,2022-10-06 15:43:01+00:00,19903,5210,"Congressional Republicans are doubling down on their extreme position with a proposal for a national abortion ban. That means even if you live in a state where extremist Republican officials are not running the show, your right to choose will still be at risk."
1577834526365175808,JoeBiden,2022-10-06 01:34:00+00:00,27339,7009,"I wish I could say Republicans supported our progress in reducing health care costs and strengthening Medicare. That would be good for all of America.
 
But when it actually came time to do something about inflation around the kitchen table, every one of them voted no."
1577793255361609728,JoeBiden,2022-10-05 22:50:00+00:00,34518,6866,"Congress should codify the protections of Roe v. Wade and do it once and for all. 

But right now, we're short a handful of votes, so the only way it's going to happen is if the American people vote in November."
1577697879237574656,JoeBiden,2022-10-05 16:31:01+00:00,28658,4800,"I signed the Bipartisan Safer Communities Act into law, the first major gun safety legislation in nearly 30 years. I’m not going to stop until I again get an assault weapons ban passed."
1577484468838866946,JoeBiden,2022-10-05 02:23:00+00:00,41964,10908,MAGA Republicans don’t have a clue about the power of women. They are about to find out. https://t.co/akmHFkuOXS
1577458297669550080,JoeBiden,2022-10-05 00:39:00+00:00,17703,3648,"We're not going to sit by and let Republicans throughout the country enact extreme policies to threaten access to basic health care.

That's why we have taken a number of actions to protect access to reproductive health care, including emergency medical care."
1577427343982870528,JoeBiden,2022-10-04 22:36:00+00:00,13681,2510,"For years, there has been no check on how high or how fast Big Pharma can raise drug prices. But thanks to the Inflation Reduction Act, that ends now. 

If Big Pharma tries to raise drug prices faster than inflation, they'll be penalized and have to rebate the money to Medicare."
1577363929684185089,JoeBiden,2022-10-04 18:24:01+00:00,54474,6692,"If you’re on Medicare and you have diabetes, your insulin is going to be capped at $35 a month."
1577106228697862146,JoeBiden,2022-10-04 01:20:00+00:00,39953,11084,"Senator Ron Johnson said if Republicans get control of Washington, they’re coming after the Affordable Care Act again, denying protections for anyone with a preexisting condition. 

These guys never stop."
1577095536594788352,JoeBiden,2022-10-04 00:37:31+00:00,130645,10955,"Get in, folks. We're building a better America: https://t.co/V9Mzpw8kB0 https://t.co/cMKiF0Lqwz"
1577056149354029065,JoeBiden,2022-10-03 22:01:00+00:00,14250,2163,"Today, I announced more than $60 million in funding to help coastal areas in Puerto Rico become better prepared for storms. 

In addition, nearly $700 million in infrastructure investments in Puerto Rico have been announced since I signed the Bipartisan Infrastructure Law."
1576748620816203777,JoeBiden,2022-10-03 01:39:00+00:00,60877,10594,"My dad used to say, “Joey, don’t compare me to the Almighty. Compare me to the alternative.”

And here’s the deal: Democrats want to codify Roe. Republicans want a national ban on abortion. The choice is clear."
1576375412099354624,JoeBiden,2022-10-02 00:56:00+00:00,84634,18844,"Republicans are always talking about the deficit. Well, guess what? The last guy increased the debt with tax cuts for big corporations. Not a penny of it was paid for. 

This year, we've reduced the deficit by more than $1 trillion."
1575976297431449600,JoeBiden,2022-09-30 22:30:04+00:00,18649,3314,"In the past 24 hours, we've approved four more counties in Florida for individual disaster assistance in addition to the nine counties we announced yesterday. 

The federal government will cover 100% of the cost to clear the massive debris left in the wake of the hurricane."
1575640322545156096,JoeBiden,2022-09-30 00:15:01+00:00,37740,5413,"My message to the people of Florida and to the country: At times like this, America comes together. We’re going to pull together as one team, as one America."
1574935675580948480,JoeBiden,2022-09-28 01:35:00+00:00,39608,9342,"In 42 days, democracy is on the ballot. Americans will have to choose between the MAGA Republican platform—embracing extremism and the Big Lie—and Democrats, independents, and mainstream Republicans who believe in the rule of law."
1574896921654829070,JoeBiden,2022-09-27 23:01:00+00:00,18537,3614,"This morning, we got good news about lower costs. The Department of Health and Human Services announced that the premium for Medicare Part B will decrease next year. 

For years, that fee has gone up. Now, for the first time in more than a decade, it's going to go down."
1574867225374244864,JoeBiden,2022-09-27 21:03:00+00:00,3768,792,"There is so much on the line in these midterm elections. With just a few weeks to go, we need your help to protect and expand our Democratic majorities in Congress.

Can you chip in to help elect Democrats today?
https://t.co/QOggr7BzbZ"
1574556933960237056,JoeBiden,2022-09-27 00:30:01+00:00,57796,11726,"Democracy cannot survive when one side believes there’s only two outcomes to an election: either they win, or they were cheated.

That’s not democracy. And that’s where the vast majority of MAGA Republicans are today.  

You can’t love your country only when you win."
1574492776988917764,JoeBiden,2022-09-26 20:15:05+00:00,10725,2294,"This November, we have a choice to be a nation of hope, unity, and optimism, or a nation of fear, division, and darkness. https://t.co/zUkNiGUHZh"
1574443752369815561,JoeBiden,2022-09-26 17:00:16+00:00,35562,7852,The power to get this done is in the hands of the American people. https://t.co/dhdDg2GGbC
1574210396260540422,JoeBiden,2022-09-26 01:33:00+00:00,93254,21126,"Senator Lindsey Graham has proposed a national ban on abortion that would put criminal penalties on doctors. 

This November, if Republicans win control, they will vote for a nationwide ban on abortion. But if you give me two more Democrats in the Senate, I will codify Roe."
1574092873112461312,JoeBiden,2022-09-25 17:46:00+00:00,47589,11984,"If Republicans control the Congress, Social Security will be on the chopping block. But if you support Democrats, I promise you: Social Security will be protected. Period."
1574058156308762625,JoeBiden,2022-09-25 15:28:03+00:00,41118,5375,"It’s time to pass the assault weapons ban. I’ve taken on the NRA, and I beat them before.

I plan on doing it again. https://t.co/SkQOe0VnLS"
1573849015506333697,JoeBiden,2022-09-25 01:37:00+00:00,74085,15546,"The MAGA Republicans didn’t side with law enforcement; they sided with the insurrectionists. 

Don’t tell me you support law enforcement if you can’t condemn what happened on January 6. You can’t be pro-law enforcement and pro-insurrection."
1573809756929679362,JoeBiden,2022-09-24 23:01:00+00:00,31431,6472,"When I came to office, the economy was flat on its back—millions out of work. 

So we acted quickly. We passed the American Rescue Plan, which lifted this nation from economic crisis to economic recovery. And every single Republican voted against it."
1573765540258238466,JoeBiden,2022-09-24 20:05:18+00:00,12396,2143,"We beat Big Pharma. Now, Medicare will have the power to do what so many Democrats and many Republicans in the past talked about doing: lowering prescription drug prices. https://t.co/sOMdwSuXKE"
1573401317099405355,JoeBiden,2022-09-23 19:58:01+00:00,12699,2183,"In February, I laid out our plan to supercharge the Cancer Moonshot that is bold, ambitious, and completely doable. 

The goal is to cut cancer death rates by at least 50% in the next 25 years and to create a more supportive experience for our patients and families."
1573365531574403073,JoeBiden,2022-09-23 17:35:49+00:00,30935,6941,"Every single Republican in Congress voted against the Inflation Reduction Act.

When it came time to actually do something about inflation, Republicans said no."
1573361187491921920,JoeBiden,2022-09-23 17:18:33+00:00,124543,25097,"If you give me two more Democratic senators, and Democrats keep the House, I promise you we will codify Roe v. Wade.

We will once again make Roe the law of the land.

We will once again protect a woman’s right to choose."
1573356414164148224,JoeBiden,2022-09-23 16:59:35+00:00,3193,707,"At @NEAToday to highlight the choice voters have between building an economy that works for working families, and the Republican plan to make health care more expensive, ban abortion nationwide, and put Medicare and Social Security on the chopping block. https://t.co/eYxWRRsJFC"
1573301157568647171,JoeBiden,2022-09-23 13:20:01+00:00,9804,2014,"46 days. Let’s do this.
https://t.co/eyyg5n1xUJ"
1573064670101049344,JoeBiden,2022-09-22 21:40:18+00:00,19280,3565,"We passed the most extensive gun legislation in 30 years and I'm not going to rest until we get assault weapons banned. Our kids should be learning how to read and write, not duck and cover. https://t.co/ZOiHY2PXnc"
1573007724580831233,JoeBiden,2022-09-22 17:54:01+00:00,12404,2052,"To address the inequities in cancer treatment, the Cancer Moonshot allows us to ensure prevention, detection, and treatment reach patients in urban, rural, suburban, and Tribal communities, so they have equal access to cancer diagnostics, therapeutics, and clinical trials."
1572716301763903488,JoeBiden,2022-09-21 22:36:00+00:00,5490,1065,"I’m heading to Florida to talk to voters about the issues at stake in the midterms. From protecting Social Security to women’s health—we have work to do. Join me for a grassroots rally on Tuesday, September 27. RSVP here:
https://t.co/ihDdikuzA9"
1572674530509819905,JoeBiden,2022-09-21 19:50:01+00:00,16821,2687,"Last week, I signed an executive order that directs the federal government to ensure biotechnologies invented in the United States of America are made in the United States of America."
1572621677204164608,JoeBiden,2022-09-21 16:20:00+00:00,10042,1927,Join us at https://t.co/V9MzpvQJcq to fight back against extreme MAGA Republicans. https://t.co/iiQs2AzzuS
1572358698177265664,JoeBiden,2022-09-20 22:55:01+00:00,23781,4733,"Dark money erodes public trust. We need to protect public trust—and I'm determined to do that.

Republicans should join Democrats to pass the DISCLOSE Act and get it to my desk right away."
1572226577915584514,JoeBiden,2022-09-20 14:10:01+00:00,6169,1629,"For our democracy to work, it is up to all of us to protect the right to vote—and exercise it. The first step that all of us can take is to make sure we are registered to vote. 

On National Voter Registration Day, go to https://t.co/Hy8C4mIL2M to check your registration status."
1571996318645587968,JoeBiden,2022-09-19 22:55:03+00:00,3722,1062,"On National Voter Registration Day, @TheDemocrats are making sure everyone has the tools to talk to their community about the importance of voting. Learn how to take action with people across the country tomorrow at 7pm ET: 
https://t.co/yLUbBrwpMr"
